Player,EOS,Dino common name,Blueprint,Gender,Neuter,,,,,
Specific Player,,Achatina,Blueprint'/Game/PrimalEarth/Dinos/Achatina/Achatina_Character_BP.Achatina_Character_BP',Male,Not Neutered,,,,,
Yourself,-,Acro,Blueprint'/Game/Fjordur/Dinos/Acrocanthosaurus/Dinos/Acrocanthosaurus_Character_BP.Acrocanthosaurus_Character_BP',Female,Is Neutered,,,,,
Random,?,Allo,Blueprint'/Game/PrimalEarth/Dinos/Allosaurus/Allo_Character_BP.Allo_Character_BP',Random,,,,,,
,,Angler,Blueprint'/Game/PrimalEarth/Dinos/Anglerfish/Angler_Character_BP.Angler_Character_BP',,,,,,,
,,Anky,Blueprint'/Game/PrimalEarth/Dinos/Ankylo/Ankylo_Character_BP.Ankylo_Character_BP',,,,,,,
,,Ant,Blueprint'/Game/PrimalEarth/Dinos/Ant/Ant_Character_BP.Ant_Character_BP',,,,,,,
,,AntFlying,Blueprint'/Game/PrimalEarth/Dinos/Ant/FlyingAnt_Character_BP.FlyingAnt_Character_BP',,,,,,,
,,Archelon,Blueprint'/Game/ASA/Dinos/Archelon/Dinos/Archelon_Character_BP_ASA.Archelon_Character_BP_ASA',,,,,,,
,,Archa,Blueprint'/Game/PrimalEarth/Dinos/Archaeopteryx/Archa_Character_BP.Archa_Character_BP',,,,,,,
,,Argent,Blueprint'/Game/PrimalEarth/Dinos/Argentavis/Argent_Character_BP.Argent_Character_BP',,,,,,,
,,Arthro,Blueprint'/Game/PrimalEarth/Dinos/Arthropluera/Arthro_Character_BP.Arthro_Character_BP',,,,,,,
,,Baryonyx,Blueprint'/Game/PrimalEarth/Dinos/Baryonyx/Baryonyx_Character_BP.Baryonyx_Character_BP',,,,,,,
,,Basilisk,Blueprint'/Game/Aberration/Dinos/Basilisk/Basilisk_Character_BP.Basilisk_Character_BP',,,,,,,
,,Basilosaurus,Blueprint'/Game/PrimalEarth/Dinos/Basilosaurus/Basilosaurus_Character_BP.Basilosaurus_Character_BP',,,,,,,
,,Bat,Blueprint'/Game/PrimalEarth/Dinos/Bat/Bat_Character_BP.Bat_Character_BP',,,,,,,
,,Beaver,Blueprint'/Game/PrimalEarth/Dinos/Beaver/Beaver_Character_BP.Beaver_Character_BP',,,,,,,
,,Bee,Blueprint'/Game/PrimalEarth/Dinos/Bee/Bee_Character_BP.Bee_Character_BP',,,,,,,
,,Bettle,Blueprint'/Game/PrimalEarth/Dinos/DungBeetle/DungBeetle_Character_BP.DungBeetle_Character_BP',,,,,,,
,,Bigfoot,Blueprint'/Game/PrimalEarth/Dinos/Bigfoot/Bigfoot_Character_BP.Bigfoot_Character_BP',,,,,,,
,,Bronto,Blueprint'/Game/PrimalEarth/Dinos/Sauropod/Sauropod_Character_BP.Sauropod_Character_BP',,,,,,,
,,Camelsaurus,Blueprint'/Game/ScorchedEarth/Dinos/Camelsaurus/camelsaurus_Character_BP.camelsaurus_Character_BP',,,,,,,
,,Carcha,Blueprint'/Game/PrimalEarth/Dinos/Carcharodontosaurus/Carcha_Character_BP.Carcha_Character_BP',,,,,,,
,,Carno,Blueprint'/Game/PrimalEarth/Dinos/Carno/Carno_Character_BP.Carno_Character_BP',,,,,,,
,,CaveWolf,Blueprint'/Game/Aberration/Dinos/CaveWolf/CaveWolf_Character_BP.CaveWolf_Character_BP',,,,,,,
,,Cerato,Blueprint'/Game/ASA/Dinos/Ceratosaurus/Dinos/Ceratosaurus_Character_BP_ASA.Ceratosaurus_Character_BP_ASA',,,,,,,
,,Chalicotherium,Blueprint'/Game/PrimalEarth/Dinos/Chalicotherium/Chalico_Character_BP.Chalico_Character_BP',,,,,,,
,,Cnidaria,Blueprint'/Game/PrimalEarth/Dinos/Cnidaria/Cnidaria_Character_BP.Cnidaria_Character_BP',,,,,,,
,,Coel,Blueprint'/Game/PrimalEarth/Dinos/Coelacanth/Coel_Character_BP.Coel_Character_BP',,,,,,,
,,Compy,Blueprint'/Game/PrimalEarth/Dinos/Compy/Compy_Character_BP.Compy_Character_BP',,,,,,,
,,Cosmo,Blueprint'/Game/Packs/Steampunk/Dinos/JumpingSpider/JumpingSpider_Character_BP.JumpingSpider_Character_BP',,,,,,,
,,Cow,Blueprint'/Game/Fjordur/Dinos/Cow/Cow_Character_BP.Cow_Character_BP',,,,,,,
,,Crab,Blueprint'/Game/Aberration/Dinos/Crab/Crab_Character_BP.Crab_Character_BP',,,,,,,
,,Daeodon,Blueprint'/Game/PrimalEarth/Dinos/Daeodon/Daeodon_Character_BP.Daeodon_Character_BP',,,,,,,
,,DarkPegasus,Blueprint'/Game/ASA/Dinos/DarkPegasus/DarkPegasus_Character_BP.DarkPegasus_Character_BP',,,,,,,
,,Deinosuchus,Blueprint'/Game/ASA/Dinos/Deinosuchus/Deinosuchusasa_Character_BP.Deinosuchusasa_Character_BP',,,,,,,
,,Dilo,Blueprint'/Game/PrimalEarth/Dinos/Dilo/Dilo_Character_BP.Dilo_Character_BP',,,,,,,
,,Dimetro,Blueprint'/Game/PrimalEarth/Dinos/Dimetrodon/Dimetro_Character_BP.Dimetro_Character_BP',,,,,,,""""
,,Dimorph,Blueprint'/Game/PrimalEarth/Dinos/Dimorphodon/Dimorph_Character_BP.Dimorph_Character_BP',,,,,,,
,,Diplo,Blueprint'/Game/PrimalEarth/Dinos/Diplodocus/Diplodocus_Character_BP.Diplodocus_Character_BP',,,,,,,
,,Diplocaulus,Blueprint'/Game/PrimalEarth/Dinos/Diplocaulus/Diplocaulus_Character_BP.Diplocaulus_Character_BP',,,,,,,
,,Direbear,Blueprint'/Game/PrimalEarth/Dinos/Direbear/Direbear_Character_BP.Direbear_Character_BP',,,,,,,
,,Direwolf,Blueprint'/Game/PrimalEarth/Dinos/Direwolf/Direwolf_Character_BP.Direwolf_Character_BP',,,,,,,
,,Dodo,Blueprint'/Game/PrimalEarth/Dinos/Dodo/Dodo_Character_BP.Dodo_Character_BP',,,,,,,
,,Doed,Blueprint'/Game/PrimalEarth/Dinos/Doedicurus/Doed_Character_BP.Doed_Character_BP',,,,,,,
,,Doggo,Blueprint'/Game/Packs/Wasteland/Dinos/Doggo/Doggo_Character_BP.Doggo_Character_BP',,,,,,,
,,Dolphin,Blueprint'/Game/PrimalEarth/Dinos/Dolphin/Dolphin_Character_BP.Dolphin_Character_BP',,,,,,,
,,Dragonfly,Blueprint'/Game/PrimalEarth/Dinos/Dragonfly/Dragonfly_Character_BP.Dragonfly_Character_BP',,,,,,,
,,Dreadnoughtus,Blueprint'/Game/ASA/Dinos/Dreadnoughtus/Dreadnoughtus_Character_BP.Dreadnoughtus_Character_BP',,,,,,,
,,Dunkle,Blueprint'/Game/PrimalEarth/Dinos/Dunkleosteus/Dunkle_Character_BP.Dunkle_Character_BP',,,,,,,
,,Eel,Blueprint'/Game/PrimalEarth/Dinos/Eel/Eel_Character_BP.Eel_Character_BP',,,,,,,
,,Enforcer,Blueprint'/Game/Extinction/Dinos/Enforcer/Enforcer_Character_BP.Enforcer_Character_BP',,,,,,,
,,Equus,Blueprint'/Game/PrimalEarth/Dinos/Equus/Equus_Character_BP.Equus_Character_BP',,,,,,,
,,Unicorn,Blueprint'/Game/PrimalEarth/Dinos/Equus/Equus_Character_BP_Unicorn.Equus_Character_BP_Unicorn',,,,,,,
,,Fasola,Blueprint'/Game/PrimalEarth/Dinos/Fasolasuchus/Fasola_Character_BP.Faso_Character_BP',,,,,,,
,,FireLion,Blueprint'/Game/ASA/Dinos/FireLion/FireLion_Character_BP.FireLion_Character_BP',,,,,,,
,,Gacha,Blueprint'/Game/Extinction/Dinos/Gacha/Gacha_Character_BP.Gacha_Character_BP',,,,,,,
,,Galli,Blueprint'/Game/PrimalEarth/Dinos/Gallimimus/Galli_Character_BP.Galli_Character_BP',,,,,,,
,,GasBags,Blueprint'/Game/Extinction/Dinos/GasBag/GasBags_Character_BP.GasBags_Character_BP',,,,,,,
,,Gigant,Blueprint'/Game/PrimalEarth/Dinos/Giganotosaurus/Gigant_Character_BP.Gigant_Character_BP',,,,,,,
,,Gigantoraptor,Blueprint'/Game/ASA/Dinos/Gigantoraptor/Gigantoraptor_Character_BP.Gigantoraptor_Character_BP',,,,,,,
,,Hesperornis,Blueprint'/Game/PrimalEarth/Dinos/Hesperornis/Hesperornis_Character_BP.Hesperornis_Character_BP',,,,,,,
,,Hyaenodon,Blueprint'/Game/PrimalEarth/Dinos/Hyaenodon/Hyaenodon_Character_BP.Hyaenodon_Character_BP',,,,,,,
,,IceJumper,Blueprint'/Game/Extinction/Dinos/IceJumper/IceJumper_Character_BP.IceJumper_Character_BP',,,,,,,
,,Ichthyornis,Blueprint'/Game/PrimalEarth/Dinos/Ichthyornis/Ichthyornis_Character_BP.Ichthyornis_Character_BP',,,,,,,
,,Iguanodon,Blueprint'/Game/PrimalEarth/Dinos/Iguanodon/Iguanodon_Character_BP.Iguanodon_Character_BP',,,,,,,
,,Jerboa,Blueprint'/Game/ScorchedEarth/Dinos/Jerboa/Jerboa_Character_BP.Jerboa_Character_BP',,,,,,,
,,JugBug,Blueprint'/Game/ScorchedEarth/Dinos/Jugbug/JugBug_Character_BaseBP.JugBug_Character_BaseBP',,,,,,,
,,Kairuku,Blueprint'/Game/PrimalEarth/Dinos/Kairuku/Kairuku_Character_BP.Kairuku_Character_BP',,,,,,,
,,Kangaroo,Blueprint'/Game/PrimalEarth/Dinos/Procoptodon/Procoptodon_Character_BP.Procoptodon_Character_BP',,,,,,,
,,Kaprosuchus,Blueprint'/Game/PrimalEarth/Dinos/Kaprosuchus/Kaprosuchus_Character_BP.Kaprosuchus_Character_BP',,,,,,,
,,Kentro,Blueprint'/Game/PrimalEarth/Dinos/Kentrosaurus/Kentro_Character_BP.Kentro_Character_BP',,,,,,,
,,LanternBird,Blueprint'/Game/Aberration/Dinos/LanternBird/LanternBird_Character_BP.LanternBird_Character_BP',,,,,,,
,,LanternGoat,Blueprint'/Game/Aberration/Dinos/LanternGoat/LanternGoat_Character_BP.LanternGoat_Character_BP',,,,,,,
,,LanternLizard,Blueprint'/Game/Aberration/Dinos/LanternLizard/LanternLizard_Character_BP.LanternLizard_Character_BP',,,,,,,
,,LanternPug,Blueprint'/Game/Aberration/Dinos/LanternPug/LanternPug_Character_BP.LanternPug_Character_BP',,,,,,,
,,Leedsichthys,Blueprint'/Game/PrimalEarth/Dinos/Leedsichthys/Leedsichthys_Character_BP.Leedsichthys_Character_BP',,,,,,,
,,Liopleurodon,Blueprint'/Game/PrimalEarth/Dinos/Liopleurodon/Liopleurodon_Character_BP.Liopleurodon_Character_BP',,,,,,,
,,Lystro,Blueprint'/Game/PrimalEarth/Dinos/Lystrosaurus/Lystro_Character_BP.Lystro_Character_BP',,,,,,,
,,Mammoth,Blueprint'/Game/PrimalEarth/Dinos/Mammoth/Mammoth_Character_BP.Mammoth_Character_BP',,,,,,,
,,Manta,Blueprint'/Game/PrimalEarth/Dinos/Manta/Manta_Character_BP.Manta_Character_BP',,,,,,,
,,Mantis,Blueprint'/Game/ScorchedEarth/Dinos/Mantis/Mantis_Character_BP.Mantis_Character_BP',,,,,,,
,,Megalodon,Blueprint'/Game/PrimalEarth/Dinos/Megalodon/Megalodon_Character_BP.Megalodon_Character_BP',,,,,,,
,,Megacerops,Blueprint'/Game/Fjordur/Dinos/Megacerops/Megacerops_Character_BP.Megacerops_Character_BP',,,,,,,
,,Megalania,Blueprint'/Game/PrimalEarth/Dinos/Megalania/Megalania_Character_BP.Megalania_Character_BP',,,,,,,
,,Megalosaurus,Blueprint'/Game/PrimalEarth/Dinos/Megalosaurus/Megalosaurus_Character_BP.Megalosaurus_Character_BP',,,,,,,
,,Megatherium,Blueprint'/Game/PrimalEarth/Dinos/Megatherium/Megatherium_Character_BP.Megatherium_Character_BP',,,,,,,
,,Mek,Blueprint'/Game/Extinction/Dinos/Mek/Mek_Character_BP.Mek_Character_BP',,,,,,,
,,Microraptor,Blueprint'/Game/PrimalEarth/Dinos/Microraptor/Microraptor_Character_BP.Microraptor_Character_BP',,,,,,,
,,MoleRat,Blueprint'/Game/Aberration/Dinos/MoleRat/MoleRat_Character_BP.MoleRat_Character_BP',,,,,,,
,,Monkey,Blueprint'/Game/PrimalEarth/Dinos/Monkey/Monkey_Character_BP.Monkey_Character_BP',,,,,,,
,,Mosasaur,Blueprint'/Game/PrimalEarth/Dinos/Mosasaurus/Mosa_Character_BP.Mosa_Character_BP',,,,,,,
,,Moschops,Blueprint'/Game/PrimalEarth/Dinos/Moschops/Moschops_Character_BP.Moschops_Character_BP',,,,,,,
,,Moth,Blueprint'/Game/ScorchedEarth/Dinos/Moth/Moth_Character_BP.Moth_Character_BP',,,,,,,
,,Oasisaur,Blueprint'/Game/Packs/Frontier/Dinos/Oasisaur/Oasisaur_Character_BP.Oasisaur_Character_BP',,,,,,,
,,Otter,Blueprint'/Game/PrimalEarth/Dinos/Otter/Otter_Character_BP.Otter_Character_BP',,,,,,,
,,Ovi,Blueprint'/Game/PrimalEarth/Dinos/Oviraptor/Oviraptor_Character_BP.Oviraptor_Character_BP',,,,,,,
,,Owl,Blueprint'/Game/Extinction/Dinos/Owl/Owl_Character_BP.Owl_Character_BP',,,,,,,
,,Pachy,Blueprint'/Game/PrimalEarth/Dinos/Pachy/Pachy_Character_BP.Pachy_Character_BP',,,,,,,
,,Pachyrhinosaurus,Blueprint'/Game/PrimalEarth/Dinos/Pachyrhinosaurus/Pachyrhino_Character_BP.Pachyrhino_Character_BP',,,,,,,
,,Para,Blueprint'/Game/PrimalEarth/Dinos/Para/Para_Character_BP.Para_Character_BP',,,,,,,
,,Paracer,Blueprint'/Game/PrimalEarth/Dinos/Paraceratherium/Paracer_Character_BP.Paracer_Character_BP',,,,,,,
,,Pegomastax,Blueprint'/Game/PrimalEarth/Dinos/Pegomastax/Pegomastax_Character_BP.Pegomastax_Character_BP',,,,,,,
,,Pela,Blueprint'/Game/PrimalEarth/Dinos/Pelagornis/Pela_Character_BP.Pela_Character_BP',,,,,,,
,,Phiomia,Blueprint'/Game/PrimalEarth/Dinos/Phiomia/Phiomia_Character_BP.Phiomia_Character_BP',,,,,,,
,,Phoenix,Blueprint'/Game/ScorchedEarth/Dinos/Phoenix/Phoenix_Character_BP.Phoenix_Character_BP',,,,,,,
,,Piranha,Blueprint'/Game/PrimalEarth/Dinos/Piranha/Piranha_Character_BP.Piranha_Character_BP',,,,,,,
,,Plesiosaur,Blueprint'/Game/PrimalEarth/Dinos/Plesiosaur/Plesiosaur_Character_BP.Plesiosaur_Character_BP',,,,,,,
,,Procoptodon,Blueprint'/Game/PrimalEarth/Dinos/Procoptodon/Procoptodon_Character_BP.Procoptodon_Character_BP',,,,,,,
,,Ptera,Blueprint'/Game/PrimalEarth/Dinos/Ptero/Ptero_Character_BP.Ptero_Character_BP',,,,,,,
,,Purlovia,Blueprint'/Game/PrimalEarth/Dinos/Purlovia/Purlovia_Character_BP.Purlovia_Character_BP',,,,,,,
,,Quetz,Blueprint'/Game/PrimalEarth/Dinos/Quetzalcoatlus/Quetz_Character_BP.Quetz_Character_BP',,,,,,,
,,Raptor,Blueprint'/Game/PrimalEarth/Dinos/Raptor/Raptor_Character_BP.Raptor_Character_BP',,,,,,,
,,Rex,Blueprint'/Game/PrimalEarth/Dinos/Rex/Rex_Character_BP.Rex_Character_BP',,,,,,,
,,Rhino,Blueprint'/Game/PrimalEarth/Dinos/WoollyRhino/Rhino_Character_BP.Rhino_Character_BP',,,,,,,
,,Rhyniognatha,Blueprint'/Game/PrimalEarth/Dinos/Rhyniognatha/Rhynio_Character_BP.Rhynio_Character_BP',,,,,,,
,,RockDrake,Blueprint'/Game/Aberration/Dinos/RockDrake/RockDrake_Character_BP.RockDrake_Character_BP',,,,,,,
,,RockGolem,Blueprint'/Game/ScorchedEarth/Dinos/RockGolem/RockGolem_Character_BP.RockGolem_Character_BP',,,,,,,
,,RubbleGolem,Blueprint'/Game/ScorchedEarth/Dinos/RockGolem/RubbleGolem_Character_BP.RubbleGolem_Character_BP',,,,,,,
,,Sabertooth,Blueprint'/Game/PrimalEarth/Dinos/Saber/Saber_Character_BP.Saber_Character_BP',,,,,,,
,,Salmon,Blueprint'/Game/PrimalEarth/Dinos/Salmon/Salmon_Character_BP.Salmon_Character_BP',,,,,,,
,,Sarco,Blueprint'/Game/PrimalEarth/Dinos/Sarco/Sarco_Character_BP.Sarco_Character_BP',,,,,,,
,,Scorpion,Blueprint'/Game/PrimalEarth/Dinos/Scorpion/Scorpion_Character_BP.Scorpion_Character_BP',,,,,,,
,,Shastasaurus,Blueprint'/Game/ASA/Dinos/Shastasaurus/Shastasaurus_Character_BP.Shastasaurus_Character_BP',,,,,,,
,,Sheep,Blueprint'/Game/PrimalEarth/Dinos/Sheep/Sheep_Character_BP.Sheep_Character_BP',,,,,,,
,,Spider,Blueprint'/Game/PrimalEarth/Dinos/Spider-Small/SpiderS_Character_BP.SpiderS_Character_BP',,,,,,,
,,Spindles,Blueprint'/Game/Extinction/Dinos/Spindles/Spindles_Character_BP.Spindles_Character_BP',,,,,,,
,,SpineyLizard,Blueprint'/Game/ScorchedEarth/Dinos/SpineyLizard/SpineyLizard_Character_BP.SpineyLizard_Character_BP',,,,,,,
,,Spino,Blueprint'/Game/PrimalEarth/Dinos/Spino/Spino_Character_BP.Spino_Character_BP',,,,,,,
,,Stag,Blueprint'/Game/PrimalEarth/Dinos/Stag/Stag_Character_BP.Stag_Character_BP',,,,,,,
,,Stego,Blueprint'/Game/PrimalEarth/Dinos/Stego/Stego_Character_BP.Stego_Character_BP',,,,,,,
,,Styra,Blueprint'/Game/Fjordur/Dinos/Styracho/Styracho_Character_BP.Styracho_Character_BP',,,,,,,
,,Tapejara,Blueprint'/Game/PrimalEarth/Dinos/Tapejara/Tapejara_Character_BP.Tapejara_Character_BP',,,,,,,
,,TerrorBird,Blueprint'/Game/PrimalEarth/Dinos/TerrorBird/TerrorBird_Character_BP.TerrorBird_Character_BP',,,,,,,
,,Therizinosaurus,Blueprint'/Game/PrimalEarth/Dinos/Therizinosaurus/Therizino_Character_BP.Therizino_Character_BP',,,,,,,
,,Thylacoleo,Blueprint'/Game/PrimalEarth/Dinos/Thylacoleo/Thylacoleo_Character_BP.Thylacoleo_Character_BP',,,,,,,
,,Titan,Blueprint'/Game/PrimalEarth/Dinos/titanosaur/Titanosaur_Character_BP.Titanosaur_Character_BP',,,,,,,
,,TitanBoa,Blueprint'/Game/PrimalEarth/Dinos/BoaFrill/BoaFrill_Character_BP.BoaFrill_Character_BP',,,,,,,
,,Toad,Blueprint'/Game/PrimalEarth/Dinos/Toad/Toad_Character_BP.Toad_Character_BP',,,,,,,
,,Trike,Blueprint'/Game/PrimalEarth/Dinos/Trike/Trike_Character_BP.Trike_Character_BP',,,,,,,
,,Trilobite,Blueprint'/Game/PrimalEarth/Dinos/Trilobite/Trilobite_Character.Trilobite_Character',,,,,,,
,,Troodon,Blueprint'/Game/PrimalEarth/Dinos/Troodon/Troodon_Character_BP.Troodon_Character_BP',,,,,,,
,,Turtle,Blueprint'/Game/PrimalEarth/Dinos/Turtle/Turtle_Character_BP.Turtle_Character_BP',,,,,,,
,,Tusoteuthis,Blueprint'/Game/PrimalEarth/Dinos/Tusoteuthis/Tusoteuthis_Character_BP.Tusoteuthis_Character_BP',,,,,,,
,,Vulture,Blueprint'/Game/ScorchedEarth/Dinos/Vulture/Vulture_Character_BP.Vulture_Character_BP',,,,,,,
,,WyvernFire,Blueprint'/Game/ScorchedEarth/Dinos/Wyvern/Wyvern_Character_BP_Fire.Wyvern_Character_BP_Fire',,,,,,,
,,WyvernLightning,Blueprint'/Game/ScorchedEarth/Dinos/Wyvern/Wyvern_Character_BP_Lightning.Wyvern_Character_BP_Lightning',,,,,,,
,,WyvernPoison,Blueprint'/Game/ScorchedEarth/Dinos/Wyvern/Wyvern_Character_BP_Poison.Wyvern_Character_BP_Poison',,,,,,,
,,Xenomorph,Blueprint'/Game/Aberration/Dinos/Nameless/Xenomorph_Character_BP_Male_Tamed.Xenomorph_Character_BP_Male_Tamed',,,,,,,
,,Xiphactinus,Blueprint'/Game/ASA/Dinos/Xiphactinus/Dinos/Xiphactinus_Character_BP_ASA.Xiphactinus_Character_BP_ASA',,,,,,,
,,YiLing,Blueprint'/Game/ASA/Dinos/YiLing/YiLing_Character_BP.YiLing_Character_BP',,,,,,,
,,Yutyrannus,Blueprint'/Game/PrimalEarth/Dinos/Yutyrannus/Yutyrannus_Character_BP.Yutyrannus_Character_BP',,,,,,,